{
  "metadata": {
    "name": "HentaiLx",
    "author": "Kur",
    "version": 2,
    "source": "https://lxmanga.net",
    "regexp": "(www.)?lxmanga.net/truyen/.*",
    "description": "Đọc truyện trên trang LX Hentai",
    "locale": "vi_VN",
    "language": "javascript",
    "type": "comic",
    "tag" : "nsfw"
  },
  "script": {
    "home": "home.js",
    "genre": "genre.js",
    "detail": "detail.js",
    "search": "search.js",
    "toc": "toc.js",
    "chap": "chap.js"
  }
}