{
  "metadata": {
    "name": "HentaiVN",
    "author": "Kur",
    "version": 4,
    "source": "https://hentaivn.de",
    "regexp": "(www.)?hentaivn.(net|tv|moe|fun|la|in|de)/\\d+-[^/]+.html$",
    "description": "Đọc truyện trên trang HentaiVN",
    "locale": "vi_VN",
    "language": "javascript",
    "type": "comic",
    "tag": "nsfw"
  },
  "script": {
    "home": "home.js",
    "genre": "genre.js",
    "detail": "detail.js",
    "search": "search.js",
    "toc": "toc.js",
    "chap": "chap.js"
  }
}