{
  "metadata": {
    "name": "Đọc Truyện 3Q",
    "author": "Kou",
    "version": 7,
    "source": "https://doctruyen3qui.pro",
    "regexp": "(www.)?doctruyen3qui\\d+.pro/truyen-tranh/[^/]+/\\d+$",
    "description": "Đọc truyện trên trang Đọc Truyện 3Q",
    "locale": "vi_VN",
    "language": "javascript",
	"type": "comic"
  },
  "script": {
    "home": "home.js",
    "genre": "genre.js",
    "detail": "detail.js",
    "search": "search.js",
    "toc": "toc.js",
    "chap": "chap.js"
  }
}