{
  "metadata": {
    "name": "Mino Hentai",
    "author": "Kou",
    "version": 1,
    "source": "https://minohentai.xyz",
    "regexp": "(www.)?minohentai*.*?/hentai/truyen/[0-9a-z-]+/?$",
    "description": "Đọc truyện trên trang Mino Hentai",
    "locale": "vi_VN",
    "language": "javascript",
    "type": "comic",
    "tag" : "nsfw"
  },
  "script": {
    "home": "home.js",
    "genre": "genre.js",
    "detail": "detail.js",
    "search": "search.js",
    "toc": "toc.js",
    "chap": "chap.js"
  }
}